Name,Classification,DIAMETER,Direction,HUB_THICKNESS,MODEL,PITCH,Performance_File,SHAFT_DIAMETER,Weight
apc_propellers_15x8,Propeller,381.0,1,17.02,apc_propellers_15x8,203.2,PER3_15x8.dat,7.94,0.08600000000000001
apc_propellers_5x4R-RH,Propeller,127.0,1,7.11,apc_propellers_5x4R-RH,101.6,PER3_5x4R-RH.dat,5.0,0.007980000000000001
apc_propellers_12x9W,Propeller,304.8,1,13.97,apc_propellers_12x9W,228.6,PER3_12x9W.dat,7.94,0.053020000000000005
apc_propellers_7x6,Propeller,177.8,1,10.41,apc_propellers_7x6,152.4,PER3_7x6.dat,4.76,0.01306
apc_propellers_11x14,Propeller,279.4,1,14.48,apc_propellers_11x14,355.6,PER3_11x14.dat,7.94,0.03914
apc_propellers_14x13,Propeller,355.6,1,15.75,apc_propellers_14x13,330.2,PER3_14x13.dat,7.94,0.0689
apc_propellers_6_5x5_0,Propeller,165.1,1,10.16,apc_propellers_6_5x5_0,127.0,PER3_65x50.dat,4.76,0.01107
apc_propellers_6_5x6_0,Propeller,165.1,1,10.16,apc_propellers_6_5x6_0,152.4,PER3_65x60.dat,4.76,0.01107
apc_propellers_14x10,Propeller,355.6,1,16.26,apc_propellers_14x10,254.0,PER3_14x10.dat,7.94,0.07398
apc_propellers_5x3EP,Propeller,127.0,-1,5.84,apc_propellers_5x3EP,76.2,PER3_5x3E.dat,6.35,0.00313
apc_propellers_8_8x9_75,Propeller,223.52,1,15.49,apc_propellers_8_8x9_75,247.65,PER3_88x975.dat,6.35,0.02608
apc_propellers_14x7E,Propeller,355.6,1,11.18,apc_propellers_14x7E,177.8,PER3_14x7E.dat,6.35,0.03402
apc_propellers_7x7E,Propeller,177.8,1,8.64,apc_propellers_7x7E,177.8,PER3_7x7E.dat,6.35,0.007980000000000001
apc_propellers_10x10,Propeller,254.0,1,14.22,apc_propellers_10x10,254.0,PER3_10x10.dat,6.35,0.03602
apc_propellers_9x5,Propeller,228.6,1,11.18,apc_propellers_9x5,127.0,PER3_9x5.dat,6.35,0.02214
apc_propellers_14x7EP,Propeller,355.6,-1,11.18,apc_propellers_14x7EP,177.8,PER3_14x7E.dat,6.35,0.03402
apc_propellers_11x3,Propeller,279.4,1,13.21,apc_propellers_11x3,76.2,PER3_11x3.dat,6.35,0.03914
apc_propellers_14x4_7SF,Propeller,355.6,1,7.62,apc_propellers_14x4_7SF,119.38,PER3_14x47SF.dat,6.35,0.02495
apc_propellers_13x13_5N,Propeller,330.2,1,14.73,apc_propellers_13x13_5N,342.9,PER3_13x135N.dat,7.94,0.05189
apc_propellers_19x10EP,Propeller,482.6,-1,12.45,apc_propellers_19x10EP,254.0,PER3_19x10E.dat,6.35,0.08301
apc_propellers_20_5x14E,Propeller,520.7,1,14.73,apc_propellers_20_5x14E,355.6,PER3_205x14E.dat,6.35,0.12306
apc_propellers_12x12EP,Propeller,304.8,-1,10.92,apc_propellers_12x12EP,304.8,PER3_12x12E.dat,6.35,0.02599
apc_propellers_22x12WE,Propeller,558.8,1,13.97,apc_propellers_22x12WE,304.8,PER3_22x12WE.dat,7.94,0.15799000000000002
apc_propellers_13x4EP,Propeller,330.2,-1,10.16,apc_propellers_13x4EP,101.6,PER3_13x4E.dat,6.35,0.02998
apc_propellers_5x3E,Propeller,127.0,1,5.84,apc_propellers_5x3E,76.2,PER3_5x3E.dat,6.35,0.00313
apc_propellers_8_8x9_25,Propeller,223.52,1,14.48,apc_propellers_8_8x9_25,234.95,PER3_88x925.dat,6.35,0.026940000000000002
apc_propellers_17x4W,Propeller,431.8,1,11.18,apc_propellers_17x4W,101.6,PER3_17x4W.dat,7.94,0.09498000000000001
apc_propellers_8x8EP,Propeller,203.2,-1,10.16,apc_propellers_8x8EP,203.2,PER3_8x8E.dat,6.35,0.01501
apc_propellers_8_8x9_5,Propeller,223.52,1,14.73,apc_propellers_8_8x9_5,241.3,PER3_88x95.dat,6.35,0.02608
apc_propellers_6x6EP,Propeller,152.4,-1,6.6,apc_propellers_6x6EP,152.4,PER3_6x6E.dat,6.35,0.00513
apc_propellers_14x10E,Propeller,355.6,1,11.18,apc_propellers_14x10E,254.0,PER3_14x10E.dat,6.35,0.03402
apc_propellers_16x10E,Propeller,406.4,1,12.19,apc_propellers_16x10E,254.0,PER3_16x10E.dat,6.35,0.05198
apc_propellers_5_5x6_5E,Propeller,139.7,1,7.11,apc_propellers_5_5x6_5E,165.1,PER3_55x65E.dat,6.35,0.0039900000000000005
apc_propellers_10x4_5MRP,Propeller,254.0,-1,8.89,apc_propellers_10x4_5MRP,114.3,PER3_10x45MR.dat,6.35,0.01501
apc_propellers_6_5x2_9,Propeller,165.1,1,10.16,apc_propellers_6_5x2_9,73.66,PER3_65x29.dat,4.76,0.01107
apc_propellers_11x12W,Propeller,279.4,1,15.75,apc_propellers_11x12W,304.8,PER3_11x12W.dat,7.94,0.04309
apc_propellers_12x6EP,Propeller,304.8,-1,10.41,apc_propellers_12x6EP,152.4,PER3_12x6E.dat,6.35,0.02699
apc_propellers_17x6,Propeller,431.8,1,17.78,apc_propellers_17x6,152.4,PER3_17x6.dat,7.94,0.11198999999999999
apc_propellers_8x3_8SFP,Propeller,203.2,-1,7.62,apc_propellers_8x3_8SFP,96.52,PER3_8x38SF.dat,6.35,0.00708
apc_propellers_7x9,Propeller,177.8,1,10.41,apc_propellers_7x9,228.6,PER3_7x9.dat,4.76,0.01306
apc_propellers_9x10,Propeller,228.6,1,11.43,apc_propellers_9x10,254.0,PER3_9x10.dat,6.35,0.02214
apc_propellers_12x12E,Propeller,304.8,1,10.92,apc_propellers_12x12E,304.8,PER3_12x12E.dat,6.35,0.02599
apc_propellers_8_75x8_75NN,Propeller,222.25,1,14.48,apc_propellers_8_75x8_75NN,222.25,PER3_875x875NN.dat,6.35,0.02495
apc_propellers_22x12E,Propeller,558.8,1,13.72,apc_propellers_22x12E,304.8,PER3_22x12E.dat,7.94,0.13599
apc_propellers_27x13EP,Propeller,685.8,-1,15.49,apc_propellers_27x13EP,330.2,PER3_27x13E.dat,7.94,0.23201
apc_propellers_4_2x2,Propeller,106.68,1,7.62,apc_propellers_4_2x2,50.8,PER3_42x2.dat,6.35,0.00313
apc_propellers_9x8,Propeller,228.6,1,11.68,apc_propellers_9x8,203.2,PER3_9x8.dat,6.35,0.02409
apc_propellers_13x14,Propeller,330.2,1,16.51,apc_propellers_13x14,355.6,PER3_13x14.dat,7.94,0.066
apc_propellers_4_75x4,Propeller,120.65,1,8.64,apc_propellers_4_75x4,101.6,PER3_475x4.dat,4.76,0.005940000000000001
apc_propellers_6x5,Propeller,152.4,1,8.38,apc_propellers_6x5,127.0,PER3_6x5.dat,6.35,0.0069900000000000006
apc_propellers_11x11,Propeller,279.4,1,14.73,apc_propellers_11x11,279.4,PER3_11x11.dat,7.94,0.041960000000000004
apc_propellers_14x14,Propeller,355.6,1,16.26,apc_propellers_14x14,355.6,PER3_14x14.dat,7.94,0.06804
apc_propellers_18x8EP,Propeller,457.2,-1,12.45,apc_propellers_18x8EP,203.2,PER3_18x8E.dat,6.35,0.07298
apc_propellers_5_5x4_5EP,Propeller,139.7,-1,7.62,apc_propellers_5_5x4_5EP,114.3,PER3_55x45E.dat,6.35,0.0039900000000000005
apc_propellers_12x8SF,Propeller,304.8,1,7.62,apc_propellers_12x8SF,203.2,PER3_12x8SF.dat,6.35,0.019010000000000003
apc_propellers_18x10,Propeller,457.2,1,15.75,apc_propellers_18x10,254.0,PER3_18x10.dat,7.94,0.13294999999999998
apc_propellers_8x8E,Propeller,203.2,1,10.16,apc_propellers_8x8E,203.2,PER3_8x8E.dat,6.35,0.01501
apc_propellers_11x8_5E,Propeller,279.4,1,10.67,apc_propellers_11x8_5E,215.9,PER3_11x85E.dat,6.35,0.023989999999999997
apc_propellers_18x10EP,Propeller,457.2,-1,12.45,apc_propellers_18x10EP,254.0,PER3_18x10E.dat,6.35,0.07298
apc_propellers_13x4_7SF,Propeller,330.2,1,7.62,apc_propellers_13x4_7SF,119.38,PER3_13x47SF.dat,6.35,0.02214
apc_propellers_7x4SFP,Propeller,177.8,-1,8.13,apc_propellers_7x4SFP,101.6,PER3_7x4SF.dat,6.35,0.00513
apc_propellers_10x3,Propeller,254.0,1,11.68,apc_propellers_10x3,76.2,PER3_10x3.dat,6.35,0.02608
apc_propellers_10x7E,Propeller,254.0,1,10.16,apc_propellers_10x7E,177.8,PER3_10x7E.dat,6.35,0.02
apc_propellers_20x15C,Propeller,508.0,1,21.34,apc_propellers_20x15C,381.0,PER3_20x15C.dat,7.94,0.15109
apc_propellers_8_75x8_75W,Propeller,222.25,1,14.22,apc_propellers_8_75x8_75W,222.25,PER3_875x875W.dat,6.35,0.02495
apc_propellers_6x4,Propeller,152.4,1,6.35,apc_propellers_6x4,101.6,PER3_6x4.dat,6.35,0.00513
apc_propellers_12x8EP,Propeller,304.8,-1,10.67,apc_propellers_12x8EP,203.2,PER3_12x8E.dat,6.35,0.02599
apc_propellers_17x10E,Propeller,431.8,1,12.45,apc_propellers_17x10E,254.0,PER3_17x10E.dat,6.35,0.064
apc_propellers_5x7_5EP,Propeller,127.0,-1,7.11,apc_propellers_5x7_5EP,190.5,PER3_5x75E.dat,5.0,0.0049900000000000005
apc_propellers_7x7,Propeller,177.8,1,10.41,apc_propellers_7x7,177.8,PER3_7x7.dat,4.76,0.01306
apc_propellers_14x4_7SFP,Propeller,355.6,-1,7.62,apc_propellers_14x4_7SFP,119.38,PER3_14x47SF.dat,6.35,0.02495
apc_propellers_12x13,Propeller,304.8,1,13.97,apc_propellers_12x13,330.2,PER3_12x13.dat,7.94,0.045090000000000005
apc_propellers_13x13N,Propeller,330.2,1,14.99,apc_propellers_13x13N,330.2,PER3_13x13N.dat,7.94,0.053020000000000005
apc_propellers_10x3_8SF,Propeller,254.0,1,7.87,apc_propellers_10x3_8SF,96.52,PER3_10x38SF.dat,6.35,0.01193
apc_propellers_12x4_7SF,Propeller,304.8,1,7.11,apc_propellers_12x4_7SF,119.38,PER3_12x47SF.dat,6.35,0.01787
apc_propellers_12x6E,Propeller,304.8,1,10.41,apc_propellers_12x6E,152.4,PER3_12x6E.dat,6.35,0.02699
apc_propellers_5_25x5_5E,Propeller,133.35,1,7.62,apc_propellers_5_25x5_5E,139.7,PER3_525x55E.dat,6.35,0.0039900000000000005
apc_propellers_13x9,Propeller,330.2,1,14.99,apc_propellers_13x9,228.6,PER3_13x9.dat,7.94,0.06096
apc_propellers_16x13,Propeller,406.4,1,19.81,apc_propellers_16x13,330.2,PER3_16x13.dat,7.94,0.10605
apc_propellers_8x4_1SF,Propeller,203.2,1,4.06,apc_propellers_8x4_1SF,104.14,PER3_8x41SF.dat,5.5,0.00449
apc_propellers_8_75x9_25W,Propeller,222.25,1,14.73,apc_propellers_8_75x9_25W,234.95,PER3_875x925W.dat,6.35,0.02495
apc_propellers_9x3N,Propeller,228.6,1,7.62,apc_propellers_9x3N,76.2,PER3_9x3N.dat,6.35,0.01501
apc_propellers_10x3_8SFP,Propeller,254.0,-1,7.87,apc_propellers_10x3_8SFP,96.52,PER3_10x38SF.dat,6.35,0.01193
apc_propellers_12x9,Propeller,304.8,1,13.46,apc_propellers_12x9,228.6,PER3_12x9.dat,7.94,0.04395
apc_propellers_14x5_5MRP,Propeller,355.6,-1,9.65,apc_propellers_14x5_5MRP,139.7,PER3_14x55MR.dat,6.35,0.03007
apc_propellers_18x8,Propeller,457.2,1,14.99,apc_propellers_18x8,203.2,PER3_18x8.dat,7.94,0.13213
apc_propellers_21x10W,Propeller,533.4,1,15.49,apc_propellers_21x10W,254.0,PER3_21x10W.dat,7.94,0.22512000000000001
apc_propellers_21x13WE,Propeller,533.4,1,13.46,apc_propellers_21x13WE,330.2,PER3_21x13WE.dat,6.35,0.128
apc_propellers_6_5x5_5,Propeller,165.1,1,10.16,apc_propellers_6_5x5_5,139.7,PER3_65x55.dat,4.76,0.01107
apc_propellers_8_75x7_5W,Propeller,222.25,1,14.48,apc_propellers_8_75x7_5W,190.5,PER3_875x75W.dat,6.35,0.02495
apc_propellers_10x6E,Propeller,254.0,1,9.91,apc_propellers_10x6E,152.4,PER3_10x6E.dat,6.35,0.02
apc_propellers_8x7,Propeller,203.2,1,11.18,apc_propellers_8x7,177.8,PER3_8x7.dat,6.35,0.019010000000000003
apc_propellers_13x4,Propeller,330.2,1,12.19,apc_propellers_13x4,101.6,PER3_13x4.dat,6.35,0.049890000000000004
apc_propellers_7x5EP,Propeller,177.8,-1,8.38,apc_propellers_7x5EP,127.0,PER3_7x5E.dat,6.35,0.007980000000000001
apc_propellers_14x4W,Propeller,355.6,1,10.67,apc_propellers_14x4W,101.6,PER3_14x4W.dat,6.35,0.05615
apc_propellers_17x12W,Propeller,431.8,1,20.07,apc_propellers_17x12W,304.8,PER3_17x12W.dat,7.94,0.13294999999999998
apc_propellers_8x9,Propeller,203.2,1,10.67,apc_propellers_8x9,228.6,PER3_8x9.dat,6.35,0.019010000000000003
apc_propellers_10x7SF,Propeller,254.0,1,7.62,apc_propellers_10x7SF,177.8,PER3_10x7SF.dat,6.35,0.01193
apc_propellers_11x10,Propeller,279.4,1,14.73,apc_propellers_11x10,254.0,PER3_11x10.dat,7.94,0.041960000000000004
apc_propellers_11x4_6SF,Propeller,279.4,1,5.59,apc_propellers_11x4_6SF,116.84,PER3_11x46SF.dat,6.35,0.009980000000000001
apc_propellers_9x4_6SF,Propeller,228.6,1,4.06,apc_propellers_9x4_6SF,116.84,PER3_9x46SF.dat,5.5,0.0049900000000000005
apc_propellers_11x4_7SFP,Propeller,279.4,-1,7.37,apc_propellers_11x4_7SFP,119.38,PER3_11x47SF.dat,6.35,0.01501
apc_propellers_14x11,Propeller,355.6,1,15.49,apc_propellers_14x11,279.4,PER3_14x11.dat,7.94,0.07285
apc_propellers_18x14,Propeller,457.2,1,19.3,apc_propellers_18x14,355.6,PER3_18x14.dat,7.94,0.15109
apc_propellers_8x10,Propeller,203.2,1,10.67,apc_propellers_8x10,254.0,PER3_8x10.dat,6.35,0.019010000000000003
apc_propellers_8_75x5_0,Propeller,222.25,1,12.7,apc_propellers_8_75x5_0,127.0,PER3_875x50.dat,6.35,0.028079999999999997
apc_propellers_16x8E,Propeller,406.4,1,11.94,apc_propellers_16x8E,203.2,PER3_16x8E.dat,6.35,0.05198
apc_propellers_17x12E,Propeller,431.8,1,12.7,apc_propellers_17x12E,304.8,PER3_17x12E.dat,6.35,0.06804
apc_propellers_17x8N,Propeller,431.8,1,17.02,apc_propellers_17x8N,203.2,PER3_17x8N.dat,7.94,0.09412000000000001
apc_propellers_13x10EP,Propeller,330.2,-1,10.67,apc_propellers_13x10EP,254.0,PER3_13x10E.dat,6.35,0.02998
apc_propellers_13x6,Propeller,330.2,1,11.68,apc_propellers_13x6,152.4,PER3_13x6.dat,6.35,0.0479
apc_propellers_21x13E,Propeller,533.4,1,14.73,apc_propellers_21x13E,330.2,PER3_21x13E.dat,6.35,0.13013
apc_propellers_5_7x3,Propeller,144.78,1,6.35,apc_propellers_5_7x3,76.2,PER3_57x3.dat,6.35,0.00513
apc_propellers_6x4EP,Propeller,152.4,-1,6.35,apc_propellers_6x4EP,101.6,PER3_6x4E.dat,6.35,0.00513
apc_propellers_5_25x6_25E,Propeller,133.35,1,7.62,apc_propellers_5_25x6_25E,158.75,PER3_525x625E.dat,6.35,0.0039900000000000005
apc_propellers_16x6,Propeller,406.4,1,14.48,apc_propellers_16x6,152.4,PER3_16x6.dat,7.94,0.08986
apc_propellers_7x6EP,Propeller,177.8,-1,8.38,apc_propellers_7x6EP,152.4,PER3_7x6E.dat,6.35,0.007980000000000001
apc_propellers_11x10E,Propeller,279.4,1,10.67,apc_propellers_11x10E,254.0,PER3_11x10E.dat,6.35,0.023
apc_propellers_18x5_5MR,Propeller,457.2,1,10.41,apc_propellers_18x5_5MR,139.7,PER3_18x55MR.dat,6.35,0.06101
apc_propellers_5_5x4_5E,Propeller,139.7,1,7.62,apc_propellers_5_5x4_5E,114.3,PER3_55x45E.dat,6.35,0.0039900000000000005
apc_propellers_8x4_2SFR,Propeller,203.2,1,4.32,apc_propellers_8x4_2SFR,106.68,PER3_8x42SFR.dat,5.5,0.0049900000000000005
apc_propellers_13x7,Propeller,330.2,1,11.94,apc_propellers_13x7,177.8,PER3_13x7.dat,6.35,0.0479
apc_propellers_13x8EP,Propeller,330.2,-1,10.67,apc_propellers_13x8EP,203.2,PER3_13x8E.dat,6.35,0.03098
apc_propellers_7x3,Propeller,177.8,1,9.65,apc_propellers_7x3,76.2,PER3_7x3.dat,4.76,0.01193
apc_propellers_8_8x9_0,Propeller,223.52,1,14.22,apc_propellers_8_8x9_0,228.6,PER3_88x90.dat,6.35,0.02608
apc_propellers_8x6SF,Propeller,203.2,1,7.62,apc_propellers_8x6SF,152.4,PER3_8x6SF.dat,6.35,0.00708
apc_propellers_5_5x2,Propeller,139.7,1,7.87,apc_propellers_5_5x2,50.8,PER3_55x2.dat,4.76,0.00708
apc_propellers_12_5x10,Propeller,317.5,1,14.48,apc_propellers_12_5x10,254.0,PER3_125x10.dat,7.94,0.05103
apc_propellers_17x10,Propeller,431.8,1,18.54,apc_propellers_17x10,254.0,PER3_17x10.dat,7.94,0.11512
apc_propellers_10x6EP,Propeller,254.0,-1,9.91,apc_propellers_10x6EP,152.4,PER3_10x6E.dat,6.35,0.02
apc_propellers_20_5x12WE,Propeller,520.7,1,12.45,apc_propellers_20_5x12WE,304.8,PER3_205x12WE.dat,6.35,0.131
apc_propellers_13x11,Propeller,330.2,1,14.48,apc_propellers_13x11,279.4,PER3_13x11.dat,7.94,0.05697
apc_propellers_5_1x4_5E,Propeller,129.54,1,8.64,apc_propellers_5_1x4_5E,114.3,PER3_51x45E.dat,6.35,0.00513
apc_propellers_6_5x3_7,Propeller,165.1,1,10.16,apc_propellers_6_5x3_7,93.98,PER3_65x37.dat,4.76,0.01107
apc_propellers_6_5x6_5,Propeller,165.1,1,10.16,apc_propellers_6_5x6_5,165.1,PER3_65x65.dat,4.76,0.01107
apc_propellers_22x8,Propeller,558.8,1,18.03,apc_propellers_22x8,203.2,PER3_22x8.dat,7.94,0.24013
apc_propellers_11x4,Propeller,279.4,1,13.21,apc_propellers_11x4,101.6,PER3_11x4.dat,6.35,0.03914
apc_propellers_16x7,Propeller,406.4,1,15.49,apc_propellers_16x7,177.8,PER3_16x7.dat,7.94,0.09498000000000001
apc_propellers_10x5EP,Propeller,254.0,-1,9.65,apc_propellers_10x5EP,127.0,PER3_10x5E.dat,6.35,0.02
apc_propellers_14x12E,Propeller,355.6,1,11.18,apc_propellers_14x12E,304.8,PER3_14x12E.dat,6.35,0.03502
apc_propellers_14x6,Propeller,355.6,1,15.24,apc_propellers_14x6,152.4,PER3_14x6.dat,7.94,0.07121
apc_propellers_12x13N,Propeller,304.8,1,13.72,apc_propellers_12x13N,330.2,PER3_12x13N.dat,7.94,0.04708
apc_propellers_9x4_5EP,Propeller,228.6,-1,9.65,apc_propellers_9x4_5EP,114.3,PER3_9x45E.dat,6.35,0.01796
apc_propellers_6x3,Propeller,152.4,1,8.38,apc_propellers_6x3,76.2,PER3_6x3.dat,4.76,0.007940000000000001
apc_propellers_8x3_8SF,Propeller,203.2,1,7.62,apc_propellers_8x3_8SF,96.52,PER3_8x38SF.dat,6.35,0.00708
apc_propellers_14x8_5E,Propeller,355.6,1,11.18,apc_propellers_14x8_5E,215.9,PER3_14x85E.dat,6.35,0.03701
apc_propellers_9x3_8SF,Propeller,228.6,1,8.38,apc_propellers_9x3_8SF,96.52,PER3_9x38SF.dat,6.35,0.00907
apc_propellers_12_5x6,Propeller,317.5,1,12.7,apc_propellers_12_5x6,152.4,PER3_125x6.dat,6.35,0.053020000000000005
apc_propellers_17x6E,Propeller,431.8,1,11.94,apc_propellers_17x6E,152.4,PER3_17x6E.dat,6.35,0.064
apc_propellers_11_5x4,Propeller,292.1,1,12.45,apc_propellers_11_5x4,101.6,PER3_115x4.dat,6.35,0.041100000000000005
apc_propellers_9x3,Propeller,228.6,1,11.43,apc_propellers_9x3,76.2,PER3_9x3.dat,6.35,0.02495
apc_propellers_9x4,Propeller,228.6,1,11.43,apc_propellers_9x4,101.6,PER3_9x4.dat,6.35,0.022949999999999998
apc_propellers_9x6N,Propeller,228.6,1,10.41,apc_propellers_9x6N,152.4,PER3_9x6N.dat,6.35,0.01787
apc_propellers_9x7_5,Propeller,228.6,1,12.45,apc_propellers_9x7_5,190.5,PER3_9x75.dat,6.35,0.03007
apc_propellers_12x4_5MRP,Propeller,304.8,-1,9.14,apc_propellers_12x4_5MRP,114.3,PER3_12x45MR.dat,6.35,0.02214
apc_propellers_15_5x12W,Propeller,393.7,1,19.05,apc_propellers_15_5x12W,304.8,PER3_155x12W.dat,7.94,0.10492
apc_propellers_18x12E,Propeller,457.2,1,12.7,apc_propellers_18x12E,304.8,PER3_18x12E.dat,6.35,0.07398
apc_propellers_20x10W,Propeller,508.0,1,15.49,apc_propellers_20x10W,254.0,PER3_20x10W.dat,7.94,0.20212000000000002
apc_propellers_13x5_5MRP,Propeller,330.2,-1,9.14,apc_propellers_13x5_5MRP,139.7,PER3_13x55MR.dat,6.35,0.023989999999999997
apc_propellers_5x5E,Propeller,127.0,1,6.35,apc_propellers_5x5E,127.0,PER3_5x5E.dat,6.35,0.0039900000000000005
apc_propellers_7x5SF,Propeller,177.8,1,8.89,apc_propellers_7x5SF,127.0,PER3_7x5SF.dat,6.35,0.00513
apc_propellers_9x6,Propeller,228.6,1,11.94,apc_propellers_9x6,152.4,PER3_9x6.dat,6.35,0.02214
apc_propellers_17x8,Propeller,431.8,1,18.29,apc_propellers_17x8,203.2,PER3_17x8.dat,7.94,0.11594
apc_propellers_19x12E,Propeller,482.6,1,12.7,apc_propellers_19x12E,304.8,PER3_19x12E.dat,6.35,0.08301
apc_propellers_15x4W,Propeller,381.0,1,10.67,apc_propellers_15x4W,101.6,PER3_15x4W.dat,7.94,0.07003000000000001
apc_propellers_10x5E,Propeller,254.0,1,9.65,apc_propellers_10x5E,127.0,PER3_10x5E.dat,6.35,0.02
apc_propellers_7x6W,Propeller,177.8,1,10.41,apc_propellers_7x6W,152.4,PER3_7x6W.dat,4.76,0.01306
apc_propellers_11x5_5MRP,Propeller,279.4,-1,8.89,apc_propellers_11x5_5MRP,139.7,PER3_11x55MR.dat,6.35,0.01701
apc_propellers_13x5_5EP,Propeller,330.2,-1,10.16,apc_propellers_13x5_5EP,139.7,PER3_13x55E.dat,6.35,0.03402
apc_propellers_8x4E,Propeller,203.2,1,8.89,apc_propellers_8x4E,101.6,PER3_8x4E.dat,6.35,0.01302
apc_propellers_8x4_7SF,Propeller,203.2,1,7.62,apc_propellers_8x4_7SF,119.38,PER3_8x47SF.dat,6.35,0.00708
apc_propellers_5_5x2_5,Propeller,139.7,1,7.87,apc_propellers_5_5x2_5,63.5,PER3_55x25.dat,4.76,0.00708
apc_propellers_10x5_5MR,Propeller,254.0,1,8.89,apc_propellers_10x5_5MR,139.7,PER3_10x55MR.dat,6.35,0.01501
apc_propellers_13x4E,Propeller,330.2,1,10.16,apc_propellers_13x4E,101.6,PER3_13x4E.dat,6.35,0.02998
apc_propellers_9x4_4SFR,Propeller,228.6,1,4.57,apc_propellers_9x4_4SFR,111.76,PER3_9x44SFR.dat,5.5,0.00653
apc_propellers_9x6SF,Propeller,228.6,1,7.62,apc_propellers_9x6SF,152.4,PER3_9x6SF.dat,6.35,0.00907
apc_propellers_12x12N,Propeller,304.8,1,14.22,apc_propellers_12x12N,304.8,PER3_12x12N.dat,7.94,0.045950000000000005
apc_propellers_9_5x6,Propeller,241.3,1,12.19,apc_propellers_9_5x6,152.4,PER3_95x6.dat,6.35,0.026940000000000002
apc_propellers_13x4W,Propeller,330.2,1,11.68,apc_propellers_13x4W,101.6,PER3_13x4W.dat,6.35,0.049890000000000004
apc_propellers_16x6E,Propeller,406.4,1,12.95,apc_propellers_16x6E,152.4,PER3_16x6E.dat,6.35,0.05602000000000001
apc_propellers_9_5x7N,Propeller,241.3,1,14.73,apc_propellers_9_5x7N,177.8,PER3_95x7N.dat,6.35,0.02894
apc_propellers_15x6,Propeller,381.0,1,13.46,apc_propellers_15x6,152.4,PER3_15x6.dat,7.94,0.07598
apc_propellers_20x10E,Propeller,508.0,1,12.7,apc_propellers_20x10E,254.0,PER3_20x10E.dat,6.35,0.09598000000000001
apc_propellers_12x4_5MR,Propeller,304.8,1,9.14,apc_propellers_12x4_5MR,114.3,PER3_12x45MR.dat,6.35,0.02214
apc_propellers_4_5x3_5,Propeller,114.3,1,7.62,apc_propellers_4_5x3_5,88.9,PER3_45x35.dat,6.35,0.0039900000000000005
apc_propellers_7x8,Propeller,177.8,1,10.41,apc_propellers_7x8,203.2,PER3_7x8.dat,4.76,0.01306
apc_propellers_18x5_5MRP,Propeller,457.2,-1,10.41,apc_propellers_18x5_5MRP,139.7,PER3_18x55MR.dat,6.35,0.06101
apc_propellers_7_8x7,Propeller,198.12,1,10.16,apc_propellers_7_8x7,177.8,PER3_78x7.dat,6.35,0.01787
apc_propellers_13_5x9,Propeller,342.9,1,13.21,apc_propellers_13_5x9,228.6,PER3_135x9.dat,7.94,0.049030000000000004
apc_propellers_6x4E,Propeller,152.4,1,6.35,apc_propellers_6x4E,101.6,PER3_6x4E.dat,6.35,0.00513
apc_propellers_10x4_6SF,Propeller,254.0,1,5.33,apc_propellers_10x4_6SF,116.84,PER3_10x46SF.dat,6.35,0.007980000000000001
apc_propellers_16x4E,Propeller,406.4,1,12.45,apc_propellers_16x4E,101.6,PER3_16x4E.dat,6.35,0.055020000000000006
apc_propellers_4_2x4,Propeller,106.68,1,7.62,apc_propellers_4_2x4,101.6,PER3_42x4.dat,6.35,0.00313
apc_propellers_15x7E,Propeller,381.0,1,11.94,apc_propellers_15x7E,177.8,PER3_15x7E.dat,6.35,0.045
apc_propellers_16x10,Propeller,406.4,1,19.81,apc_propellers_16x10,254.0,PER3_16x10.dat,7.94,0.10492
apc_propellers_12x11,Propeller,304.8,1,14.22,apc_propellers_12x11,279.4,PER3_12x11.dat,7.94,0.04708
apc_propellers_10x4_7SF,Propeller,254.0,1,7.37,apc_propellers_10x4_7SF,119.38,PER3_10x47SF.dat,6.35,0.01193
apc_propellers_12x10,Propeller,304.8,1,14.48,apc_propellers_12x10,254.0,PER3_12x10.dat,7.94,0.045950000000000005
apc_propellers_11_5x6,Propeller,292.1,1,13.97,apc_propellers_11_5x6,152.4,PER3_115x6.dat,6.35,0.045090000000000005
apc_propellers_9_625x3_75N,Propeller,244.47,1,14.22,apc_propellers_9_625x3_75N,95.25,PER3_9625x375N.dat,6.35,0.03089
apc_propellers_10x6,Propeller,254.0,1,12.7,apc_propellers_10x6,152.4,PER3_10x6.dat,6.35,0.02894
apc_propellers_11x6,Propeller,279.4,1,13.46,apc_propellers_11x6,152.4,PER3_11x6.dat,6.35,0.03996
apc_propellers_14x6E,Propeller,355.6,1,11.43,apc_propellers_14x6E,152.4,PER3_14x6E.dat,6.35,0.03701
apc_propellers_12x8E,Propeller,304.8,1,10.67,apc_propellers_12x8E,203.2,PER3_12x8E.dat,6.35,0.02599
apc_propellers_18x8W,Propeller,457.2,1,14.73,apc_propellers_18x8W,203.2,PER3_18x8W.dat,7.94,0.14288
apc_propellers_14x7,Propeller,355.6,1,17.27,apc_propellers_14x7,177.8,PER3_14x7.dat,7.94,0.07711
apc_propellers_13x10E,Propeller,330.2,1,10.67,apc_propellers_13x10E,254.0,PER3_13x10E.dat,6.35,0.02998
apc_propellers_18_1x10,Propeller,459.74,1,19.56,apc_propellers_18_1x10,254.0,PER3_181x10.dat,7.94,0.13294999999999998
apc_propellers_13_5x14,Propeller,342.9,1,15.49,apc_propellers_13_5x14,355.6,PER3_135x14.dat,7.94,0.0669
apc_propellers_20x8W,Propeller,508.0,1,14.73,apc_propellers_20x8W,203.2,PER3_20x8W.dat,7.94,0.19305000000000003
apc_propellers_8_75x9_0W,Propeller,222.25,1,14.48,apc_propellers_8_75x9_0W,228.6,PER3_875x90W.dat,6.35,0.02608
apc_propellers_20x10,Propeller,508.0,1,18.54,apc_propellers_20x10,254.0,PER3_20x10.dat,7.94,0.18597
apc_propellers_4_75x4_75E,Propeller,120.65,1,7.62,apc_propellers_4_75x4_75E,120.65,PER3_475x475E.dat,6.35,0.0039900000000000005
apc_propellers_8x3_75,Propeller,203.2,1,11.43,apc_propellers_8x3_75,95.25,PER3_8x375.dat,6.35,0.01701
apc_propellers_16x5_5MRP,Propeller,406.4,-1,9.4,apc_propellers_16x5_5MRP,139.7,PER3_16x55MR.dat,6.35,0.04395
apc_propellers_9_5x7_5N,Propeller,241.3,1,14.73,apc_propellers_9_5x7_5N,190.5,PER3_95x75N.dat,6.35,0.02894
apc_propellers_8x6E,Propeller,203.2,1,9.4,apc_propellers_8x6E,152.4,PER3_8x6E.dat,6.35,0.01402
apc_propellers_14x14E,Propeller,355.6,1,11.68,apc_propellers_14x14E,355.6,PER3_14x14E.dat,6.35,0.03602
apc_propellers_7x4,Propeller,177.8,1,10.16,apc_propellers_7x4,101.6,PER3_7x4.dat,4.76,0.01193
apc_propellers_8_8x8_9,Propeller,223.52,1,15.24,apc_propellers_8_8x8_9,226.06,PER3_88x89.dat,6.35,0.02608
apc_propellers_10x5_5MRP,Propeller,254.0,-1,8.89,apc_propellers_10x5_5MRP,139.7,PER3_10x55MR.dat,6.35,0.01501
apc_propellers_9x9,Propeller,228.6,1,10.92,apc_propellers_9x9,228.6,PER3_9x9.dat,6.35,0.02409
apc_propellers_11x7E,Propeller,279.4,1,10.41,apc_propellers_11x7E,177.8,PER3_11x7E.dat,6.35,0.023
apc_propellers_10x8E,Propeller,254.0,1,10.16,apc_propellers_10x8E,203.2,PER3_10x8E.dat,6.35,0.02
apc_propellers_25x12_5E,Propeller,635.0,1,16.0,apc_propellers_25x12_5E,317.5,PER3_25x125E.dat,7.94,0.22312
apc_propellers_4_7x4_2E,Propeller,119.38,1,6.6,apc_propellers_4_7x4_2E,106.68,PER3_47x42E.dat,6.35,0.00313
apc_propellers_5x5EP,Propeller,127.0,-1,6.35,apc_propellers_5x5EP,127.0,PER3_5x5E.dat,6.35,0.0039900000000000005
apc_propellers_20x13EP,Propeller,508.0,-1,12.95,apc_propellers_20x13EP,330.2,PER3_20x13E.dat,6.35,0.09802
apc_propellers_7x6SF,Propeller,177.8,1,8.13,apc_propellers_7x6SF,152.4,PER3_7x6SF.dat,6.35,0.00513
apc_propellers_15x10EP,Propeller,381.0,-1,12.19,apc_propellers_15x10EP,254.0,PER3_15x10E.dat,6.35,0.045
apc_propellers_20x12,Propeller,508.0,1,19.3,apc_propellers_20x12,304.8,PER3_20x12.dat,7.94,0.1911
apc_propellers_19x8E,Propeller,482.6,1,12.45,apc_propellers_19x8E,203.2,PER3_19x8E.dat,6.35,0.08301
apc_propellers_12x10E,Propeller,304.8,1,10.67,apc_propellers_12x10E,254.0,PER3_12x10E.dat,6.35,0.02599
apc_propellers_8x4,Propeller,203.2,1,10.16,apc_propellers_8x4,101.6,PER3_8x4.dat,6.35,0.015880000000000002
apc_propellers_18x10E,Propeller,457.2,1,12.45,apc_propellers_18x10E,254.0,PER3_18x10E.dat,6.35,0.07298
apc_propellers_26x13E,Propeller,660.4,1,13.97,apc_propellers_26x13E,330.2,PER3_26x13E.dat,7.94,0.20901
apc_propellers_12x3_8SF,Propeller,304.8,1,7.62,apc_propellers_12x3_8SF,96.52,PER3_12x38SF.dat,6.35,0.01787
apc_propellers_4_1x4_1E,Propeller,104.14,1,7.62,apc_propellers_4_1x4_1E,104.14,PER3_41x41E.dat,6.35,0.00313
apc_propellers_13x5_5MR,Propeller,330.2,1,9.14,apc_propellers_13x5_5MR,139.7,PER3_13x55MR.dat,6.35,0.023989999999999997
apc_propellers_11x4_5EP,Propeller,279.4,-1,10.92,apc_propellers_11x4_5EP,114.3,PER3_11x45EP.dat,6.35,0.02495
apc_propellers_24x12E,Propeller,609.6,1,14.48,apc_propellers_24x12E,304.8,PER3_24x12E.dat,7.94,0.16402000000000003
apc_propellers_8_8x8_75,Propeller,223.52,1,14.73,apc_propellers_8_8x8_75,222.25,PER3_88x875.dat,6.35,0.026940000000000002
apc_propellers_11x13,Propeller,279.4,1,13.72,apc_propellers_11x13,330.2,PER3_11x13.dat,7.94,0.041100000000000005
apc_propellers_11x3_8SFP,Propeller,279.4,-1,7.87,apc_propellers_11x3_8SFP,96.52,PER3_11x38SF.dat,6.35,0.01501
apc_propellers_16x4W,Propeller,406.4,1,13.72,apc_propellers_16x4W,101.6,PER3_16x4W.dat,7.94,0.08505
apc_propellers_19x12WE,Propeller,482.6,1,13.97,apc_propellers_19x12WE,304.8,PER3_19x12WE.dat,6.35,0.11198999999999999
apc_propellers_8x6,Propeller,203.2,1,11.43,apc_propellers_8x6,152.4,PER3_8x6.dat,6.35,0.019010000000000003
apc_propellers_27x13E,Propeller,685.8,1,15.49,apc_propellers_27x13E,330.2,PER3_27x13E.dat,7.94,0.23201
apc_propellers_17x10N,Propeller,431.8,1,17.53,apc_propellers_17x10N,254.0,PER3_17x10N.dat,7.94,0.09811
apc_propellers_10x4,Propeller,254.0,1,11.94,apc_propellers_10x4,101.6,PER3_10x4.dat,6.35,0.03007
apc_propellers_9x4_7SF,Propeller,228.6,1,7.87,apc_propellers_9x4_7SF,119.38,PER3_9x47SF.dat,6.35,0.00907
apc_propellers_10x8,Propeller,254.0,1,12.7,apc_propellers_10x8,203.2,PER3_10x8.dat,6.35,0.02894
apc_propellers_13x10,Propeller,330.2,1,15.49,apc_propellers_13x10,254.0,PER3_13x10.dat,7.94,0.0601
apc_propellers_13_5x13_5,Propeller,342.9,1,15.49,apc_propellers_13_5x13_5,342.9,PER3_135x135.dat,7.94,0.0669
apc_propellers_11x4_5MR,Propeller,279.4,1,8.89,apc_propellers_11x4_5MR,114.3,PER3_11x45MR.dat,6.35,0.01701
apc_propellers_14x13N,Propeller,355.6,1,15.75,apc_propellers_14x13N,330.2,PER3_14x13N.dat,7.94,0.0689
apc_propellers_4_5x4,Propeller,114.3,1,7.62,apc_propellers_4_5x4,101.6,PER3_45x4.dat,6.35,0.0039900000000000005
apc_propellers_11x5_5E,Propeller,279.4,1,10.41,apc_propellers_11x5_5E,139.7,PER3_11x55E.dat,6.35,0.023
apc_propellers_15x10E,Propeller,381.0,1,12.19,apc_propellers_15x10E,254.0,PER3_15x10E.dat,6.35,0.045
apc_propellers_18_1x12,Propeller,459.74,1,19.56,apc_propellers_18_1x12,304.8,PER3_181x12.dat,7.94,0.12501
apc_propellers_13x6_5E,Propeller,330.2,1,10.41,apc_propellers_13x6_5E,165.1,PER3_13x65E.dat,6.35,0.02998
apc_propellers_8x4_5MRP,Propeller,203.2,-1,8.38,apc_propellers_8x4_5MRP,114.3,PER3_8x45MR.dat,6.35,0.00907
apc_propellers_9_5x4_5,Propeller,241.3,1,12.95,apc_propellers_9_5x4_5,114.3,PER3_95x45.dat,6.35,0.028079999999999997
apc_propellers_6x6E,Propeller,152.4,1,6.6,apc_propellers_6x6E,152.4,PER3_6x6E.dat,6.35,0.00513
apc_propellers_19x11,Propeller,482.6,1,20.32,apc_propellers_19x11,279.4,PER3_19x11.dat,7.94,0.13213
apc_propellers_8x8,Propeller,203.2,1,11.43,apc_propellers_8x8,203.2,PER3_8x8.dat,6.35,0.019010000000000003
apc_propellers_12x6SF,Propeller,304.8,1,7.62,apc_propellers_12x6SF,152.4,PER3_12x6SF.dat,6.35,0.019010000000000003
apc_propellers_7_8x4,Propeller,198.12,1,10.16,apc_propellers_7_8x4,101.6,PER3_78x4.dat,6.35,0.01787
apc_propellers_12x7,Propeller,304.8,1,11.94,apc_propellers_12x7,177.8,PER3_12x7.dat,6.35,0.04309
apc_propellers_15x5_5MRP,Propeller,381.0,-1,9.14,apc_propellers_15x5_5MRP,139.7,PER3_15x55MR.dat,6.35,0.03602
apc_propellers_4_75x5_5E,Propeller,120.65,1,7.62,apc_propellers_4_75x5_5E,139.7,PER3_475x55E.dat,6.35,0.0039900000000000005
apc_propellers_6_3x4,Propeller,160.02,1,10.16,apc_propellers_6_3x4,101.6,PER3_63x4.dat,4.76,0.01107
apc_propellers_9x4_5E,Propeller,228.6,1,9.65,apc_propellers_9x4_5E,114.3,PER3_9x45E.dat,6.35,0.01796
apc_propellers_13x8E,Propeller,330.2,1,10.67,apc_propellers_13x8E,203.2,PER3_13x8E.dat,6.35,0.03098
apc_propellers_20x15E,Propeller,508.0,1,14.22,apc_propellers_20x15E,381.0,PER3_20x15E.dat,6.35,0.11793000000000001
apc_propellers_19x8W,Propeller,482.6,1,14.22,apc_propellers_19x8W,203.2,PER3_19x8W.dat,7.94,0.16302000000000003
apc_propellers_16x12,Propeller,406.4,1,20.07,apc_propellers_16x12,304.8,PER3_16x12.dat,7.94,0.10292
apc_propellers_16x12E,Propeller,406.4,1,12.19,apc_propellers_16x12E,304.8,PER3_16x12E.dat,6.35,0.05198
apc_propellers_17x13,Propeller,431.8,1,19.3,apc_propellers_17x13,330.2,PER3_17x13.dat,7.94,0.11793000000000001
apc_propellers_13x6_5EP,Propeller,330.2,-1,10.41,apc_propellers_13x6_5EP,165.1,PER3_13x65E.dat,6.35,0.02998
apc_propellers_12x5_5MRP,Propeller,304.8,-1,9.14,apc_propellers_12x5_5MRP,139.7,PER3_12x55MR.dat,6.35,0.02214
apc_propellers_8_75x7_0N,Propeller,222.25,1,14.73,apc_propellers_8_75x7_0N,177.8,PER3_875x70N.dat,6.35,0.028079999999999997
apc_propellers_16x4EP,Propeller,406.4,-1,12.45,apc_propellers_16x4EP,101.6,PER3_16x4E.dat,6.35,0.055020000000000006
apc_propellers_5_5x4_7E,Propeller,139.7,1,6.86,apc_propellers_5_5x4_7E,119.38,PER3_55x47E.dat,6.35,0.0039900000000000005
apc_propellers_5x3,Propeller,127.0,1,8.13,apc_propellers_5x3,76.2,PER3_5x3.dat,4.76,0.005940000000000001
apc_propellers_11x7,Propeller,279.4,1,13.46,apc_propellers_11x7,177.8,PER3_11x7.dat,6.35,0.03996
apc_propellers_13x4_5EP,Propeller,330.2,-1,10.16,apc_propellers_13x4_5EP,114.3,PER3_13x45EP.dat,6.35,0.03089
apc_propellers_14x8,Propeller,355.6,1,16.26,apc_propellers_14x8,203.2,PER3_14x8.dat,7.94,0.07003000000000001
apc_propellers_6x2,Propeller,152.4,1,8.13,apc_propellers_6x2,50.8,PER3_6x2.dat,4.76,0.007940000000000001
apc_propellers_9x4_5MR,Propeller,228.6,1,8.64,apc_propellers_9x4_5MR,114.3,PER3_9x45MR.dat,6.35,0.01107
apc_propellers_14x5_5MR,Propeller,355.6,1,9.65,apc_propellers_14x5_5MR,139.7,PER3_14x55MR.dat,6.35,0.03007
apc_propellers_11x8E,Propeller,279.4,1,10.41,apc_propellers_11x8E,203.2,PER3_11x8E.dat,6.35,0.023
apc_propellers_14x14N,Propeller,355.6,1,16.0,apc_propellers_14x14N,355.6,PER3_14x14N.dat,7.94,0.0689
apc_propellers_17x12,Propeller,431.8,1,19.81,apc_propellers_17x12,304.8,PER3_17x12.dat,7.94,0.11993000000000001
apc_propellers_20x13E,Propeller,508.0,1,12.95,apc_propellers_20x13E,330.2,PER3_20x13E.dat,6.35,0.09802
apc_propellers_12x10W,Propeller,304.8,1,13.72,apc_propellers_12x10W,254.0,PER3_12x10W.dat,7.94,0.05189
apc_propellers_11x8EP,Propeller,279.4,-1,10.41,apc_propellers_11x8EP,203.2,PER3_11x8E.dat,6.35,0.023
apc_propellers_8_75x9_0NN,Propeller,222.25,1,14.48,apc_propellers_8_75x9_0NN,228.6,PER3_875x90NN.dat,6.35,0.02608
apc_propellers_9x7_5C,Propeller,228.6,1,12.45,apc_propellers_9x7_5C,190.5,PER3_9x75C.dat,6.35,0.02014
apc_propellers_11x5_5EP,Propeller,279.4,-1,10.41,apc_propellers_11x5_5EP,139.7,PER3_11x55E.dat,6.35,0.023
apc_propellers_18x6W,Propeller,457.2,1,15.24,apc_propellers_18x6W,152.4,PER3_18x6W.dat,7.94,0.13494
apc_propellers_9x7_5E,Propeller,228.6,1,9.91,apc_propellers_9x7_5E,190.5,PER3_9x75E.dat,6.35,0.01801
apc_propellers_9x3_7SF,Propeller,228.6,1,4.06,apc_propellers_9x3_7SF,93.98,PER3_9x37SF.dat,5.5,0.0049900000000000005
apc_propellers_10x10E,Propeller,254.0,1,10.16,apc_propellers_10x10E,254.0,PER3_10x10E.dat,6.35,0.02
apc_propellers_16x10EP,Propeller,406.4,-1,12.19,apc_propellers_16x10EP,254.0,PER3_16x10E.dat,6.35,0.05198
apc_propellers_7x4_1SF,Propeller,177.8,1,4.06,apc_propellers_7x4_1SF,104.14,PER3_7x41SF.dat,5.5,0.0034900000000000005
apc_propellers_10_5x6,Propeller,266.7,1,12.7,apc_propellers_10_5x6,152.4,PER3_105x6.dat,6.35,0.03488
apc_propellers_6x5_5E,Propeller,152.4,1,6.6,apc_propellers_6x5_5E,139.7,PER3_6x55E.dat,6.35,0.00513
apc_propellers_13x4_5MR,Propeller,330.2,1,9.14,apc_propellers_13x4_5MR,114.3,PER3_13x45MR.dat,6.35,0.02409
apc_propellers_13x5_5E,Propeller,330.2,1,10.16,apc_propellers_13x5_5E,139.7,PER3_13x55E.dat,6.35,0.03198
apc_propellers_17x8E,Propeller,431.8,1,12.19,apc_propellers_17x8E,203.2,PER3_17x8E.dat,6.35,0.064
apc_propellers_4_1x4_1EP,Propeller,104.14,-1,7.62,apc_propellers_4_1x4_1EP,104.14,PER3_41x41E.dat,6.35,0.00313
apc_propellers_12x6,Propeller,304.8,1,12.19,apc_propellers_12x6,152.4,PER3_12x6.dat,6.35,0.045950000000000005
apc_propellers_16x5_5MR,Propeller,406.4,1,9.4,apc_propellers_16x5_5MR,139.7,PER3_16x55MR.dat,6.35,0.04395
apc_propellers_8_75x7_5NN,Propeller,222.25,1,14.73,apc_propellers_8_75x7_5NN,190.5,PER3_875x75NN.dat,6.35,0.02894
apc_propellers_12x4_7SFP,Propeller,304.8,-1,7.11,apc_propellers_12x4_7SFP,119.38,PER3_12x47SF.dat,6.35,0.01787
apc_propellers_15x12,Propeller,381.0,1,18.29,apc_propellers_15x12,304.8,PER3_15x12.dat,7.94,0.09099
apc_propellers_4_75x4_75EP,Propeller,120.65,-1,7.62,apc_propellers_4_75x4_75EP,120.65,PER3_475x475E.dat,6.35,0.0039900000000000005
apc_propellers_9_3x3,Propeller,236.22,1,11.43,apc_propellers_9_3x3,76.2,PER3_93x3.dat,6.35,0.02495
apc_propellers_11x4_7SF,Propeller,279.4,1,7.37,apc_propellers_11x4_7SF,119.38,PER3_11x47SF.dat,6.35,0.01501
apc_propellers_17x10WE,Propeller,431.8,1,12.7,apc_propellers_17x10WE,254.0,PER3_17x10WE.dat,6.35,0.084
apc_propellers_14x5N,Propeller,355.6,1,12.95,apc_propellers_14x5N,127.0,PER3_14x5N.dat,7.94,0.049890000000000004
apc_propellers_12x5_5MR,Propeller,304.8,1,9.14,apc_propellers_12x5_5MR,139.7,PER3_12x55MR.dat,6.35,0.02214
apc_propellers_15x4EP,Propeller,381.0,-1,11.43,apc_propellers_15x4EP,101.6,PER3_15x4E.dat,6.35,0.045
apc_propellers_4_75x4_75EC,Propeller,120.65,1,7.62,apc_propellers_4_75x4_75EC,120.65,PER3_475x475EC.dat,6.35,0.00313
apc_propellers_11x8,Propeller,279.4,1,13.97,apc_propellers_11x8,203.2,PER3_11x8.dat,6.35,0.041100000000000005
apc_propellers_19x10E,Propeller,482.6,1,12.45,apc_propellers_19x10E,254.0,PER3_19x10E.dat,6.35,0.08301
apc_propellers_20x8,Propeller,508.0,1,17.27,apc_propellers_20x8,203.2,PER3_20x8.dat,7.94,0.18203
apc_propellers_12x5,Propeller,304.8,1,11.94,apc_propellers_12x5,127.0,PER3_12x5.dat,6.35,0.041100000000000005
apc_propellers_13x8,Propeller,330.2,1,12.19,apc_propellers_13x8,203.2,PER3_13x8.dat,6.35,0.049030000000000004
apc_propellers_7_4x7_7C,Propeller,187.96,1,13.21,apc_propellers_7_4x7_7C,195.58,PER3_74x77C.dat,8.33,0.015880000000000002
apc_propellers_11x5_5MR,Propeller,279.4,1,8.89,apc_propellers_11x5_5MR,139.7,PER3_11x55MR.dat,6.35,0.01701
apc_propellers_22x10,Propeller,558.8,1,18.54,apc_propellers_22x10,254.0,PER3_22x10.dat,7.94,0.23387000000000002
apc_propellers_20x10EP,Propeller,508.0,-1,12.7,apc_propellers_20x10EP,254.0,PER3_20x10E.dat,6.35,0.09598000000000001
apc_propellers_15x8E,Propeller,381.0,1,11.94,apc_propellers_15x8E,203.2,PER3_15x8E.dat,6.35,0.044
apc_propellers_9x6_5,Propeller,228.6,1,12.45,apc_propellers_9x6_5,165.1,PER3_9x65.dat,6.35,0.03007
apc_propellers_18x8E,Propeller,457.2,1,12.45,apc_propellers_18x8E,203.2,PER3_18x8E.dat,6.35,0.07298
apc_propellers_8x4_5MR,Propeller,203.2,1,8.38,apc_propellers_8x4_5MR,114.3,PER3_8x45MR.dat,6.35,0.00907
apc_propellers_7x5E,Propeller,177.8,1,8.38,apc_propellers_7x5E,127.0,PER3_7x5E.dat,6.35,0.007980000000000001
apc_propellers_16x14,Propeller,406.4,1,19.56,apc_propellers_16x14,355.6,PER3_16x14.dat,7.94,0.10492
apc_propellers_13_5x10,Propeller,342.9,1,13.21,apc_propellers_13_5x10,254.0,PER3_135x10.dat,7.94,0.05103
apc_propellers_8x5,Propeller,203.2,1,11.43,apc_propellers_8x5,127.0,PER3_8x5.dat,6.35,0.019010000000000003
apc_propellers_8_8x8_5,Propeller,223.52,1,14.73,apc_propellers_8_8x8_5,215.9,PER3_88x85.dat,6.35,0.02495
apc_propellers_10x7,Propeller,254.0,1,12.95,apc_propellers_10x7,177.8,PER3_10x7.dat,6.35,0.03089
apc_propellers_8_75x8_0NN,Propeller,222.25,1,14.73,apc_propellers_8_75x8_0NN,203.2,PER3_875x80NN.dat,6.35,0.02894
apc_propellers_12x12,Propeller,304.8,1,14.73,apc_propellers_12x12,304.8,PER3_12x12.dat,7.94,0.05103
apc_propellers_12_25x3_75,Propeller,311.15,1,10.92,apc_propellers_12_25x3_75,95.25,PER3_1225x375.dat,6.35,0.04309
apc_propellers_4_75x4_5EC,Propeller,120.65,1,7.62,apc_propellers_4_75x4_5EC,114.3,PER3_475x45EC.dat,6.35,0.00313
apc_propellers_7_4x7_5C,Propeller,187.96,1,13.21,apc_propellers_7_4x7_5C,190.5,PER3_74x75C.dat,8.33,0.015880000000000002
apc_propellers_12x8,Propeller,304.8,1,14.22,apc_propellers_12x8,203.2,PER3_12x8.dat,6.35,0.0479
apc_propellers_15x7,Propeller,381.0,1,14.73,apc_propellers_15x7,177.8,PER3_15x7.dat,7.94,0.07711
apc_propellers_8x6EP,Propeller,203.2,-1,9.4,apc_propellers_8x6EP,152.4,PER3_8x6E.dat,6.35,0.01402
apc_propellers_9x4_7SFP,Propeller,228.6,-1,7.87,apc_propellers_9x4_7SFP,119.38,PER3_9x47SF.dat,6.35,0.00907
apc_propellers_15x5_5MR,Propeller,381.0,1,9.14,apc_propellers_15x5_5MR,139.7,PER3_15x55MR.dat,6.35,0.03602
apc_propellers_9x8_5,Propeller,228.6,1,12.45,apc_propellers_9x8_5,215.9,PER3_9x85.dat,6.35,0.03007
apc_propellers_16x8,Propeller,406.4,1,18.29,apc_propellers_16x8,203.2,PER3_16x8.dat,7.94,0.10092000000000001
apc_propellers_8_75x8_5N,Propeller,222.25,1,14.73,apc_propellers_8_75x8_5N,215.9,PER3_875x85N.dat,6.35,0.028079999999999997
apc_propellers_10x4_5MR,Propeller,254.0,1,8.89,apc_propellers_10x4_5MR,114.3,PER3_10x45MR.dat,6.35,0.01501
apc_propellers_12x4,Propeller,304.8,1,11.68,apc_propellers_12x4,101.6,PER3_12x4.dat,6.35,0.03996
apc_propellers_18x12WE,Propeller,457.2,1,13.21,apc_propellers_18x12WE,304.8,PER3_18x12WE.dat,6.35,0.07901999999999999
apc_propellers_7x4E,Propeller,177.8,1,8.38,apc_propellers_7x4E,101.6,PER3_7x4E.dat,6.35,0.007980000000000001
apc_propellers_7x4SF,Propeller,177.8,1,8.13,apc_propellers_7x4SF,101.6,PER3_7x4SF.dat,6.35,0.00513
apc_propellers_20x14,Propeller,508.0,1,21.08,apc_propellers_20x14,355.6,PER3_20x14.dat,7.94,0.19999
apc_propellers_4_5x4_1E,Propeller,114.3,1,7.11,apc_propellers_4_5x4_1E,104.14,PER3_45x41E.dat,6.35,0.0039900000000000005
apc_propellers_11x5,Propeller,279.4,1,13.21,apc_propellers_11x5,127.0,PER3_11x5.dat,6.35,0.03914
apc_propellers_11x12,Propeller,279.4,1,15.24,apc_propellers_11x12,304.8,PER3_11x12.dat,7.94,0.041960000000000004
apc_propellers_7x5,Propeller,177.8,1,9.65,apc_propellers_7x5,127.0,PER3_7x5.dat,4.76,0.01107
apc_propellers_21x12WE,Propeller,533.4,1,14.48,apc_propellers_21x12WE,304.8,PER3_21x12WE.dat,6.35,0.14714
apc_propellers_9x7,Propeller,228.6,1,11.43,apc_propellers_9x7,177.8,PER3_9x7.dat,6.35,0.022949999999999998
apc_propellers_11x9,Propeller,279.4,1,14.73,apc_propellers_11x9,228.6,PER3_11x9.dat,6.35,0.041960000000000004
apc_propellers_14x8_5EP,Propeller,355.6,-1,11.18,apc_propellers_14x8_5EP,215.9,PER3_14x85E.dat,6.35,0.03701
apc_propellers_9x7_5SF,Propeller,228.6,1,8.38,apc_propellers_9x7_5SF,190.5,PER3_9x75SF.dat,6.35,0.00993
apc_propellers_9x6E,Propeller,228.6,1,9.91,apc_propellers_9x6E,152.4,PER3_9x6E.dat,6.35,0.01801
apc_propellers_20x8E,Propeller,508.0,1,12.45,apc_propellers_20x8E,203.2,PER3_20x8E.dat,6.35,0.09598000000000001
apc_propellers_14x12N,Propeller,355.6,1,15.75,apc_propellers_14x12N,304.8,PER3_14x12N.dat,7.94,0.067
apc_propellers_15x6E,Propeller,381.0,1,11.94,apc_propellers_15x6E,152.4,PER3_15x6E.dat,6.35,0.045
apc_propellers_11x4_5MRP,Propeller,279.4,-1,8.89,apc_propellers_11x4_5MRP,114.3,PER3_11x45MR.dat,6.35,0.01701
apc_propellers_5x7_5E,Propeller,127.0,1,7.11,apc_propellers_5x7_5E,190.5,PER3_5x75E.dat,5.0,0.0049900000000000005
apc_propellers_26x15E,Propeller,660.4,1,15.24,apc_propellers_26x15E,381.0,PER3_26x15E.dat,7.94,0.214
apc_propellers_15x4E,Propeller,381.0,1,11.43,apc_propellers_15x4E,101.6,PER3_15x4E.dat,6.35,0.045
apc_propellers_4_75x4_5E,Propeller,120.65,1,7.62,apc_propellers_4_75x4_5E,114.3,PER3_475x45E.dat,6.35,0.0039900000000000005
apc_propellers_10x9,Propeller,254.0,1,12.95,apc_propellers_10x9,228.6,PER3_10x9.dat,6.35,0.03289
apc_propellers_8_75x7_75NN,Propeller,222.25,1,14.48,apc_propellers_8_75x7_75NN,196.85,PER3_875x775NN.dat,6.35,0.02495
apc_propellers_20x12WE,Propeller,508.0,1,14.73,apc_propellers_20x12WE,304.8,PER3_20x12WE.dat,6.35,0.131
apc_propellers_7x4EP,Propeller,177.8,-1,8.38,apc_propellers_7x4EP,101.6,PER3_7x4E.dat,6.35,0.007980000000000001
apc_propellers_18x12,Propeller,457.2,1,17.53,apc_propellers_18x12,304.8,PER3_18x12.dat,7.94,0.14488
apc_propellers_9x4_5R_RH,Propeller,228.6,1,8.64,apc_propellers_9x4_5R-RH,114.3,PER3_9x45R-RH.dat,6.35,0.02604
apc_propellers_16x16,Propeller,406.4,1,19.05,apc_propellers_16x16,406.4,PER3_16x16.dat,7.94,0.10405
apc_propellers_9x3_8SFP,Propeller,228.6,-1,8.38,apc_propellers_9x3_8SFP,96.52,PER3_9x38SF.dat,6.35,0.00907
apc_propellers_9x4_5MRP,Propeller,228.6,-1,8.64,apc_propellers_9x4_5MRP,114.3,PER3_9x45MR.dat,6.35,0.01107
apc_propellers_13x4_5MRP,Propeller,330.2,-1,9.14,apc_propellers_13x4_5MRP,114.3,PER3_13x45MR.dat,6.35,0.02409
apc_propellers_7_8x6,Propeller,198.12,1,10.16,apc_propellers_7_8x6,152.4,PER3_78x6.dat,6.35,0.01787
apc_propellers_7x6E,Propeller,177.8,1,8.38,apc_propellers_7x6E,152.4,PER3_7x6E.dat,6.35,0.007980000000000001
apc_propellers_7_4x7_6C,Propeller,187.96,1,13.21,apc_propellers_7_4x7_6C,193.04,PER3_74x76C.dat,8.33,0.015880000000000002
apc_propellers_17x7E,Propeller,431.8,1,11.94,apc_propellers_17x7E,177.8,PER3_17x7E.dat,6.35,0.064
apc_propellers_9x6EP,Propeller,228.6,-1,9.91,apc_propellers_9x6EP,152.4,PER3_9x6E.dat,6.35,0.01801
apc_propellers_9_25x6_0,Propeller,234.95,1,10.41,apc_propellers_9_25x6_0,152.4,PER3_925x60.dat,6.35,0.01701
apc_propellers_9x4_1SF,Propeller,228.6,1,4.06,apc_propellers_9x4_1SF,104.14,PER3_9x41SF.dat,5.5,0.0049900000000000005
apc_propellers_7x10,Propeller,177.8,1,10.41,apc_propellers_7x10,254.0,PER3_7x10.dat,4.76,0.01306
apc_propellers_9x9E,Propeller,228.6,1,10.16,apc_propellers_9x9E,228.6,PER3_9x9E.dat,6.35,0.01801
apc_propellers_12x3_8SFP,Propeller,304.8,-1,7.62,apc_propellers_12x3_8SFP,96.52,PER3_12x38SF.dat,6.35,0.01787
apc_propellers_20x11E,Propeller,508.0,1,12.7,apc_propellers_20x11E,279.4,PER3_20x11E.dat,6.35,0.09902
apc_propellers_10x5,Propeller,254.0,1,12.19,apc_propellers_10x5,127.0,PER3_10x5.dat,6.35,0.028079999999999997
apc_propellers_8_75x9_25NN,Propeller,222.25,1,14.48,apc_propellers_8_75x9_25NN,234.95,PER3_875x925NN.dat,6.35,0.02495
apc_propellers_14x12,Propeller,355.6,1,17.02,apc_propellers_14x12,304.8,PER3_14x12.dat,7.94,0.07711
apc_propellers_10x4_7SFP,Propeller,254.0,-1,7.37,apc_propellers_10x4_7SFP,119.38,PER3_10x47SF.dat,6.35,0.01193
apc_propellers_10x7EP,Propeller,254.0,-1,10.16,apc_propellers_10x7EP,177.8,PER3_10x7E.dat,6.35,0.02
apc_propellers_11x3_8SF,Propeller,279.4,1,7.87,apc_propellers_11x3_8SF,96.52,PER3_11x38SF.dat,6.35,0.01501
apc_propellers_15x10,Propeller,381.0,1,18.03,apc_propellers_15x10,254.0,PER3_15x10.dat,7.94,0.08986
apc_propellers_11x12E,Propeller,279.4,1,11.18,apc_propellers_11x12E,304.8,PER3_11x12E.dat,6.35,0.02599
apc_propellers_22x10E,Propeller,558.8,1,13.46,apc_propellers_22x10E,254.0,PER3_22x10E.dat,7.94,0.13399000000000003
apc_propellers_13x4_7SFP,Propeller,330.2,-1,7.62,apc_propellers_13x4_7SFP,119.38,PER3_13x47SF.dat,6.35,0.02214
apc_propellers_14x13_5,Propeller,355.6,1,16.0,apc_propellers_14x13_5,342.9,PER3_14x135.dat,7.94,0.07003000000000001
apc_propellers_15x11,Propeller,381.0,1,18.03,apc_propellers_15x11,279.4,PER3_15x11.dat,7.94,0.09099
apc_propellers_8x4_7SFP,Propeller,203.2,-1,7.62,apc_propellers_8x4_7SFP,119.38,PER3_8x47SF.dat,6.35,0.00708
apc_propellers_8_75x7_5N,Propeller,222.25,1,14.73,apc_propellers_8_75x7_5N,190.5,PER3_875x75N.dat,6.35,0.028079999999999997
